rel_income,perc_025,perc_05,perc_25,perc_50,perc_75,perc_95,perc_975,perc_mean,perc_std,perc_upper_std,perc_lower_std
2.0,0.1,0.1,0.95,0.95,0.97,0.98,0.98,0.8870814479638066,0.23835859277150426,1.363798633506815,0.4103642624207981
2.3,0.1,0.43999999999999884,0.96,0.97,0.98,0.99,0.99,0.9258739255014341,0.19311763472338597,1.312109194948206,0.5396386560546622
2.5,0.1,0.1,0.97,0.98,0.98,0.99,0.99,0.9141114982578384,0.22806382090500427,1.3702391400678469,0.4579838564478299
3.0,0.1,0.1,0.1,0.98,0.99,0.99,0.99,0.5803703703703694,0.4428322413860937,1.4660348531425567,-0.3052941124018179
4.0,0.1,0.1,0.1,0.1,0.2,1.0,1.0,0.32774774774774773,0.36601958388908074,1.0597869155259092,-0.40429142003041374
3.5,0.1,0.1,0.1,0.1,0.99,0.9994999999999999,1.0,0.46677419354838684,0.4341027082273532,1.3349796100030933,-0.40143122290631955
3.6,0.1,0.1,0.1,0.15000000000000002,0.99,1.0,1.0,0.43257142857142844,0.4207504879199621,1.2740724044113527,-0.4089295472684958
3.8,0.1,0.1,0.1,0.2,1.0,1.0,1.0,0.4742307692307692,0.4364713505134152,1.3471734702575995,-0.3987119317960612
3.4,0.1,0.1,0.1,0.98,0.99,1.0,1.0,0.5643859649122803,0.4401055780145243,1.4445971209413289,-0.3158251911167683
3.3,0.1,0.1,0.1,0.1,0.99,0.9939999999999999,1.0,0.49150684931506833,0.44360790755675183,1.378722664428572,-0.39570896579843534
3.2,0.1,0.1,0.1,0.98,0.99,1.0,1.0,0.6036250000000002,0.43977337014490464,1.4831717402898095,-0.2759217402898091
3.1,0.1,0.1,0.1,0.98,0.99,0.99,0.99,0.6617073170731711,0.42931126259709573,1.5203298422673626,-0.19691520812102037
3.7,0.1,0.1,0.1,0.1,0.99,1.0,1.0,0.37947368421052624,0.40670461838604854,1.1928829209826233,-0.43393555256157085
3.9,0.1,0.1,0.1,0.2,1.0,1.0,1.0,0.5593617021276596,0.43699768308668047,1.4333570683010204,-0.31463366404570137
4.1,0.1,0.1,0.1,0.2,1.0,1.0,1.0,0.38553571428571426,0.3939631715268327,1.1734620573393797,-0.4023906287679511
2.8,0.1,0.1,0.1,0.98,0.99,0.99,0.99,0.6816438356164372,0.4212559667392997,1.5241557690950365,-0.16086809786216227
1.8,0.1,0.1,0.95,0.95,0.96,0.97,0.97,0.8998623853211036,0.21011184065450392,1.3200860666301115,0.4796387040120958
2.4,0.1,0.1,0.96,0.97,0.98,0.99,0.99,0.9204999999999989,0.2108123193194226,1.3421246386388441,0.4988753613611537
2.6,0.1,0.1,0.97,0.98,0.99,0.99,0.99,0.8662037037037067,0.2965168887071095,1.4592374811179258,0.27316992628948766
2.2,0.1,0.1,0.95,0.97,0.97,0.98,0.9894999999999998,0.9095046439628482,0.2140581039642663,1.3376208518913808,0.48138843603431564
2.1,0.1,0.1,0.96,0.96,0.97,0.98,0.98,0.9157971014492836,0.19831912891172193,1.3124353592727274,0.5191588436258397
1.9,0.1,0.1,0.95,0.96,0.96,0.97,0.97,0.906933333333337,0.20436359055869652,1.31566051445073,0.498206152215944
4.2,0.1,0.1,0.2,0.2,1.0,1.0,1.0,0.5079032258064516,0.4096425354802276,1.3271882967669069,-0.3113818451540036
4.3,0.1,0.1,0.2,0.3,1.0,1.0,1.0,0.5827692307692309,0.4148588151871206,1.412486861143472,-0.24694839960501025
4.4,0.1275,0.2,0.2,0.99,1.0,1.0,1.0,0.6319230769230769,0.4011113896512959,1.4341458562256686,-0.17029970237951486
2.9,0.1,0.1,0.98,0.99,0.99,0.99,0.99,0.7965641025641025,0.3659248834859644,1.5284138695360312,0.06471433559217366
1.4,0.1,0.1,0.1,0.1,0.1,0.1,0.1,0.10000000000000002,1.6996749443881478e-17,0.10000000000000005,0.09999999999999999
2.7,0.1,0.1,0.97,0.98,0.99,0.99,0.99,0.8728260869565191,0.2908733116016225,1.454572710159764,0.2910794637532741
1.7,0.1,0.8650000000000002,0.95,0.95,0.95,0.96,0.9604999999999999,0.9091139240506332,0.1881092827043171,1.2853324894592673,0.532895358641999
5.0,0.2,0.2,0.2,0.2,0.3,1.0,1.0,0.38140096618357455,0.32813753421132014,1.0376760346062148,-0.2748741022390657
1.5,0.1,0.1,0.1,0.1,0.3125,0.8224999999999997,0.8862499999999998,0.3125,0.42499999999999993,1.1624999999999999,-0.5374999999999999
1.1,0.1,0.1,0.1,0.1,0.1,0.1,0.1,0.1,NaN,NaN,NaN
1.6,0.1,0.1,0.95,0.95,0.95,0.95,0.95,0.7611111111111112,0.3748147690674836,1.5107406492460784,0.011481572976143939
1.0,0.1,0.1,0.1,0.1,0.1,0.1,0.1,0.1,0.0,0.1,0.1
0.8,0.1,0.1,0.1,0.1,0.1,0.1,0.1,0.1,0.0,0.1,0.1
0.5,0.0425,0.045,0.05,0.05,0.05,0.1,0.1,0.058181818181818196,0.020889318714683743,0.09996045561118569,0.01640318075245071
26.3,0.75,0.75,0.75,0.75,0.75,1.0,1.0,0.782608695652174,0.0860875553937727,0.9547838064397194,0.6104335848646285
25.4,0.75,0.75,0.75,0.75,0.875,1.0,1.0,0.8142857142857143,0.11085989340779005,1.0360055011012943,0.5925659274701341
24.9,0.75,0.75,0.75,0.75,1.0,1.0,1.0,0.859375,0.128086884574495,1.11554876914899,0.60320123085101
24.4,0.75,0.75,0.8,1.0,1.0,1.0,1.0,0.9185185185185186,0.10932322238009154,1.1371649632787018,0.6998720737583355
22.0,0.8,0.8,0.8,0.8,1.0,1.0,1.0,0.8805970149253718,0.09883994709867797,1.0782769091227278,0.6829171207280158
21.0,0.5,0.5,0.8,1.0,1.0,1.0,1.0,0.9090909090909092,0.17022712100976367,1.2495451511104365,0.5686366670713818
20.0,0.5,0.5,0.5,0.5,1.0,1.0,1.0,0.6511627906976745,0.23235040555905018,1.1158636018157748,0.1864619795795741
22.4,0.8,0.8,0.8,0.8,1.0,1.0,1.0,0.8545454545454539,0.08989331499509898,1.0343320845356518,0.674758824555256
21.3,0.6125,0.7250000000000001,0.8,1.0,1.0,1.0,1.0,0.8937500000000003,0.14361406616345074,1.1809781323269017,0.6065218676730988
21.9,0.8,0.8,0.8,1.0,1.0,1.0,1.0,0.9294117647058826,0.09851843661437779,1.1264486379346381,0.7323748914771271
22.3,0.75,0.7975000000000001,0.8,0.8,0.8500000000000001,1.0,1.0,0.8475000000000004,0.08983603297404003,1.0271720659480805,0.6678279340519203
22.6,0.8,0.8,0.8,0.8,0.8,1.0,1.0,0.8232758620689649,0.06636919416004924,0.9560142503890634,0.6905374737488663
22.9,0.75,0.8,0.8,0.8,0.8,1.0,1.0,0.8310606060606052,0.07684407364925186,0.9847487533591088,0.6773724587621015
22.1,0.8,0.8,0.8,1.0,1.0,1.0,1.0,0.9153846153846157,0.10076629473115577,1.1169172048469271,0.7138520259223041
21.7,0.8,0.8,0.8,0.9,1.0,1.0,1.0,0.9000000000000002,0.10377490433255414,1.1075498086651085,0.6924501913348919
21.6,0.635,0.77,0.8,1.0,1.0,1.0,1.0,0.8894736842105266,0.1370106923731188,1.1634950689567642,0.615452299464289
21.5,0.6125,0.7250000000000001,0.8,1.0,1.0,1.0,1.0,0.8937500000000003,0.14361406616345074,1.1809781323269017,0.6065218676730988
23.0,0.8,0.8,0.8,0.8,0.8,1.0,1.0,0.8404761904761885,0.08190586931698729,1.0042879291101632,0.6766644518422139
25.0,0.75,0.75,0.75,0.75,1.0,1.0,1.0,0.8392857142857143,0.12087344460380695,1.0810326034933282,0.5975388250781004
24.0,0.75,0.75,0.8,1.0,1.0,1.0,1.0,0.9361111111111106,0.10019634811758674,1.136503807346284,0.735718414875937
22.2,0.8,0.8,0.8,0.8,0.8500000000000001,1.0,1.0,0.8500000000000005,0.087988269012812,1.0259765380256245,0.6740234619743766
20.6,0.5,0.5,0.5,0.5,1.0,1.0,1.0,0.6666666666666666,0.25,1.1666666666666665,0.16666666666666663
23.2,0.75,0.75,0.8,0.8,0.8,1.0,1.0,0.8409090909090909,0.08844439014426819,1.0177978711976272,0.6640203106205546
21.1,0.5825,0.665,0.95,1.0,1.0,1.0,1.0,0.9250000000000002,0.15447859516333115,1.2339571903266624,0.6160428096733379
21.4,0.8,0.8,0.8,0.9,1.0,1.0,1.0,0.9,0.10540925533894596,1.110818510677892,0.6891814893221081
20.7,0.5,0.5,0.5,0.8,1.0,1.0,1.0,0.7363636363636363,0.23779288161224366,1.2119493995881236,0.260777873139149
20.4,0.5,0.5,0.5,0.5,0.9,1.0,1.0,0.6533333333333334,0.22949219304078008,1.1123177194148937,0.19434894725177326
20.8,0.5,0.5,0.5,0.5,1.0,1.0,1.0,0.7083333333333334,0.25746432527221863,1.2232619838777707,0.1934046827888961
20.5,0.5,0.5,0.5,0.5,1.0,1.0,1.0,0.6900000000000001,0.24257391711220294,1.175147834224406,0.20485216577559417
20.9,0.5,0.5,0.5,1.0,1.0,1.0,1.0,0.8111111111111111,0.24209731743889915,1.2953057459889095,0.3269164762333128
23.9,0.75,0.765,1.0,1.0,1.0,1.0,1.0,0.958510638297872,0.08680259271333796,1.1321158237245479,0.7849054528711961
26.1,0.75,0.75,0.75,0.75,0.8125,1.0,1.0,0.8125,0.10950469884789164,1.0315093976957832,0.5934906023042167
27.5,1.0,1.0,1.0,1.0,1.0,1.0,1.0,1.0,NaN,NaN,NaN
25.1,0.75,0.75,0.75,0.75,1.0,1.0,1.0,0.84,0.12247448713915891,1.0849489742783178,0.5950510257216821
26.2,0.75,0.75,0.75,0.75,0.75,0.875,1.0,0.7661290322580645,0.06243275952867684,0.8909945513154182,0.6412635132007108
27.0,0.75,0.75,0.75,0.75,0.75,1.0,1.0,0.8088235294117647,0.10930932902440077,1.0274421874605664,0.5902048713629632
26.9,0.75,0.75,0.75,0.75,0.75,1.0,1.0,0.7941176470588235,0.09823815599917193,0.9905939590571673,0.5976413350604797
28.4,1.0,1.0,1.0,1.0,1.0,1.0,1.0,1.0,NaN,NaN,NaN
28.2,1.0,1.0,1.0,1.0,1.0,1.0,1.0,1.0,NaN,NaN,NaN
31.2,1.0,1.0,1.0,1.0,1.0,1.0,1.0,1.0,0.0,1.0,1.0
32.0,1.0,1.0,1.0,1.0,1.0,1.0,1.0,1.0,NaN,NaN,NaN
31.0,1.0,1.0,1.0,1.0,1.0,1.0,1.0,1.0,0.0,1.0,1.0
31.6,1.0,1.0,1.0,1.0,1.0,1.0,1.0,1.0,NaN,NaN,NaN
24.5,0.75,0.75,0.75,1.0,1.0,1.0,1.0,0.890909090909091,0.12309149097933275,1.1370920728677565,0.6447261089504255
25.2,0.75,0.75,0.75,0.75,1.0,1.0,1.0,0.8189655172413793,0.11371470653683549,1.0463949303150504,0.5915361041677083
23.1,0.75,0.775,0.8,0.8,0.8,1.0,1.0,0.8290322580645165,0.0772163557246639,0.9834649695138443,0.6745995466151887
23.4,0.78625,0.8,0.8,0.8,1.0,1.0,1.0,0.8650000000000004,0.09751215662498276,1.060024313249966,0.6699756867500349
24.3,0.76375,0.7775000000000001,0.95,1.0,1.0,1.0,1.0,0.9458333333333334,0.09876126709792597,1.1433558675291853,0.7483107991374814
24.2,0.8,0.8,0.8500000000000001,1.0,1.0,1.0,1.0,0.9461538461538463,0.09046886417224094,1.1270915744983283,0.7652161178093645
24.1,0.75,0.7725000000000001,1.0,1.0,1.0,1.0,1.0,0.9500000000000001,0.09284766908852593,1.1356953381770518,0.7643046618229482
24.7,0.75,0.75,0.75,1.0,1.0,1.0,1.0,0.8900000000000001,0.12276574673510755,1.1355314934702152,0.644468506529785
22.8,0.8,0.8,0.8,0.8,0.8,1.0,1.0,0.813690476190475,0.05226853189325798,0.9182275399769909,0.709153412403959
23.5,0.7675000000000001,0.785,0.8,0.8,0.9,1.0,1.0,0.8500000000000002,0.0944911182523068,1.0389822365046137,0.6610177634953867
23.6,0.8,0.8,0.8,1.0,1.0,1.0,1.0,0.9103448275862072,0.10122403577569512,1.1127928991375975,0.7078967560348169
26.4,0.75,0.75,0.75,0.75,0.75,1.0,1.0,0.7720588235294118,0.07197556032030906,0.9160099441700299,0.6281077028887937
28.8,1.0,1.0,1.0,1.0,1.0,1.0,1.0,1.0,0.0,1.0,1.0
27.2,0.75,0.75,0.75,0.875,1.0,1.0,1.0,0.875,0.1336306209562122,1.1422612419124243,0.6077387580875756
25.8,0.75,0.75,0.75,0.75,0.75,0.75,0.75,0.7530487804878049,0.027607881518711623,0.8082645435252281,0.6978330174503816
23.7,0.79125,0.8,0.8,1.0,1.0,1.0,1.0,0.9102941176470591,0.10282333463843484,1.1159407869239288,0.7046474483701894
21.8,0.8,0.8,0.8,1.0,1.0,1.0,1.0,0.9047619047619051,0.10235326314383177,1.1094684310495686,0.7000553784742416
21.2,0.5525,0.605,0.8,1.0,1.0,1.0,1.0,0.8875,0.1807721533549109,1.2490443067098218,0.5259556932901781
23.3,0.7887500000000001,0.8,0.8,0.8,0.8,1.0,1.0,0.8421875000000005,0.08529774701105118,1.012782994022103,0.6715920059778981
20.3,0.5,0.5,0.5,0.5,1.0,1.0,1.0,0.6923076923076923,0.2531848417709167,1.1986773758495257,0.18593800876585886
19.7,0.5,0.5,0.5,0.5,0.5,1.0,1.0,0.5833333333333334,0.19034674690672018,0.9640268271467738,0.202639839519893
19.9,0.5,0.5,0.5,0.5,0.625,1.0,1.0,0.625,0.22213082915965965,1.0692616583193193,0.1807383416806807
22.5,0.8,0.8,0.8,0.8,0.8,0.9999999999999986,1.0,0.8122950819672125,0.050543494227676414,0.9133820704225653,0.7112080935118597
23.8,0.75,0.7575000000000001,0.8,1.0,1.0,1.0,1.0,0.9208333333333335,0.10520855754029773,1.131250448413929,0.710416218252738
28.0,1.0,1.0,1.0,1.0,1.0,1.0,1.0,1.0,0.0,1.0,1.0
25.7,0.75,0.75,0.75,0.75,0.75,1.0,1.0,0.76953125,0.06762242718751049,0.904776104375021,0.634286395624979
25.9,0.75,0.75,0.75,0.75,0.75,1.0,1.0,0.7794117647058824,0.08134892168199614,0.9421096080698746,0.6167139213418901
24.6,0.75,0.75,0.8,1.0,1.0,1.0,1.0,0.9157894736842106,0.11432486797979033,1.1444392096437912,0.68713973772463
26.0,0.75,0.75,0.75,0.75,0.75,1.0,1.0,0.7801724137931034,0.08179489469154659,0.9437622031761966,0.6165826244100102
25.6,0.75,0.75,0.75,0.75,0.75,1.0,1.0,0.7708333333333334,0.06982754846636609,0.9104884302660655,0.6311782364006012
22.7,0.8,0.8,0.8,0.8,0.8,1.0,1.0,0.8229508196721304,0.06427400361719814,0.9514988269065267,0.694402812437734
25.3,0.75,0.75,0.75,0.75,0.75,1.0,1.0,0.7857142857142857,0.08875895031209073,0.9632321863384672,0.6081963850901042
24.8,0.75,0.75,0.75,0.75,1.0,1.0,1.0,0.8409090909090909,0.12613124477737825,1.0931715804638475,0.5886466013543344
19.0,0.5,0.5,0.5,0.5,0.5,0.6,0.7799999999999983,0.523809523809524,0.09107651110783732,0.7059625460251986,0.3416565015938493
27.4,0.775,0.8,1.0,1.0,1.0,1.0,1.0,0.95,0.11180339887498948,1.173606797749979,0.726393202250021
20.2,0.5,0.5,0.5,0.75,1.0,1.0,1.0,0.75,0.2672612419124244,1.2845224838248488,0.2154775161751512
25.5,0.75,0.75,0.75,0.75,0.75,1.0,1.0,0.78125,0.08373301588213546,0.9487160317642709,0.6137839682357291
26.5,0.75,0.75,0.75,0.75,0.75,1.0,1.0,0.8076923076923077,0.10741723110591488,1.0225267699041374,0.5928578454804779
26.7,0.75,0.75,0.75,0.75,0.75,1.0,1.0,0.7833333333333333,0.08796644381862456,0.9592662209705825,0.6074004456960842
27.7,0.7625,0.775,0.875,1.0,1.0,1.0,1.0,0.9166666666666666,0.14433756729740646,1.2053418012614796,0.6279915320718537
28.3,1.0,1.0,1.0,1.0,1.0,1.0,1.0,1.0,0.0,1.0,1.0
27.6,0.76875,0.7875,0.9375,1.0,1.0,1.0,1.0,0.9375,0.125,1.1875,0.6875
29.2,1.0,1.0,1.0,1.0,1.0,1.0,1.0,1.0,NaN,NaN,NaN
27.1,0.75,0.75,0.9375,1.0,1.0,1.0,1.0,0.9375,0.11572751247156893,1.1689550249431377,0.7060449750568621
26.6,0.75,0.75,0.75,0.75,0.75,1.0,1.0,0.7763157894736842,0.07882544191057642,0.9339666732948371,0.6186649056525313
26.8,0.75,0.75,0.75,0.75,0.75,1.0,1.0,0.7916666666666666,0.09731236802019036,0.9862914027070473,0.597041930626286
20.1,0.5,0.5,0.5,0.5,0.5,1.0,1.0,0.6111111111111112,0.2204792759220492,1.0520696629552095,0.17015255926701278
19.6,0.5,0.5,0.5,0.5,0.5,1.0,1.0,0.6,0.20341905108624314,1.0068381021724861,0.1931618978275137
19.2,0.5,0.5,0.5,0.5,0.5,0.7200000000000003,0.8600000000000001,0.5399999999999999,0.12983506020002014,0.7996701204000403,0.28032987959995964
19.3,0.5,0.5,0.5,0.5,0.6,1.0,1.0,0.6307692307692307,0.21363760352762257,1.058044437824476,0.20349402371398562
29.0,1.0,1.0,1.0,1.0,1.0,1.0,1.0,1.0,NaN,NaN,NaN
29.4,1.0,1.0,1.0,1.0,1.0,1.0,1.0,1.0,NaN,NaN,NaN
30.3,1.0,1.0,1.0,1.0,1.0,1.0,1.0,1.0,NaN,NaN,NaN
30.0,1.0,1.0,1.0,1.0,1.0,1.0,1.0,1.0,NaN,NaN,NaN
28.7,1.0,1.0,1.0,1.0,1.0,1.0,1.0,1.0,NaN,NaN,NaN
28.1,1.0,1.0,1.0,1.0,1.0,1.0,1.0,1.0,0.0,1.0,1.0
19.8,0.5,0.5,0.5,0.5,0.5,0.9499999999999993,1.0,0.5434782608695652,0.14405203276001527,0.8315823263895957,0.25537419534953465
19.5,0.5,0.5,0.5,0.5,0.5,1.0,1.0,0.5789473684210527,0.18731716231633877,0.9535816930537302,0.20431304378837511
19.1,0.5,0.5,0.5,0.5,0.5,0.7200000000000003,0.8600000000000001,0.5399999999999999,0.12983506020002014,0.7996701204000403,0.28032987959995964
17.5,0.5,0.5,0.6,0.6,0.6,0.6,0.6,0.5954545454545463,0.07096881443831157,0.7373921743311695,0.4535169165779232
18.3,0.5,0.5,0.5,0.5,0.6,0.6,0.7099999999999994,0.5433333333333332,0.09714309861845764,0.7376195305702485,0.3490471360964179
33.9,1.0,1.0,1.0,1.0,1.0,1.0,1.0,1.0,NaN,NaN,NaN
33.7,1.0,1.0,1.0,1.0,1.0,1.0,1.0,1.0,0.0,1.0,1.0
32.9,1.0,1.0,1.0,1.0,1.0,1.0,1.0,1.0,0.0,1.0,1.0
34.3,1.0,1.0,1.0,1.0,1.0,1.0,1.0,1.0,0.0,1.0,1.0
33.4,1.0,1.0,1.0,1.0,1.0,1.0,1.0,1.0,0.0,1.0,1.0
33.5,1.0,1.0,1.0,1.0,1.0,1.0,1.0,1.0,0.0,1.0,1.0
33.0,1.0,1.0,1.0,1.0,1.0,1.0,1.0,1.0,0.0,1.0,1.0
31.8,1.0,1.0,1.0,1.0,1.0,1.0,1.0,1.0,NaN,NaN,NaN
32.6,1.0,1.0,1.0,1.0,1.0,1.0,1.0,1.0,NaN,NaN,NaN
33.8,1.0,1.0,1.0,1.0,1.0,1.0,1.0,1.0,0.0,1.0,1.0
34.4,1.0,1.0,1.0,1.0,1.0,1.0,1.0,1.0,0.0,1.0,1.0
34.5,1.0,1.0,1.0,1.0,1.0,1.0,1.0,1.0,0.0,1.0,1.0
32.8,1.0,1.0,1.0,1.0,1.0,1.0,1.0,1.0,0.0,1.0,1.0
30.6,1.0,1.0,1.0,1.0,1.0,1.0,1.0,1.0,NaN,NaN,NaN
6.0,0.2,0.2,0.2,0.3,0.3,1.0,1.0,0.3087431693989073,0.18525318180242323,0.6792495330037538,-0.061763194205939176
5.5,0.2,0.2,0.2,0.3,0.55,1.0,1.0,0.44431818181818206,0.32830388030990626,1.1009259424379945,-0.21228957880163046
5.7,0.2,0.2,0.2,0.3,0.3,1.0,1.0,0.36444444444444474,0.2793697204407201,0.9231838853258849,-0.1942949964369955
5.8,0.2,0.2,0.2,0.3,0.3,1.0,1.0,0.389041095890411,0.29086157639159665,0.9707642486736043,-0.19268205689278228
5.4,0.2,0.2,0.2,0.3,1.0,1.0,1.0,0.4732394366197185,0.3581530983407886,1.1895456333012957,-0.24306676006185873
5.3,0.2,0.2,0.2,0.3,1.0,1.0,1.0,0.5056338028169015,0.36951215868016435,1.2446581201772302,-0.23339051454342719
5.6,0.2,0.2,0.2,0.3,0.3,1.0,1.0,0.40000000000000024,0.3041381265149109,1.008276253029822,-0.20827625302982156
4.7,0.2,0.2,0.2,0.2,1.0,1.0,1.0,0.5486153846153847,0.3950232466382393,1.3386618778918633,-0.24143110866109385
5.2,0.2,0.2,0.2,0.3,1.0,1.0,1.0,0.5645569620253167,0.391917696319123,1.3483923546635626,-0.2192784306129293
5.1,0.2,0.2,0.2,0.3,1.0,1.0,1.0,0.5755813953488373,0.39015413138659705,1.3558896581220314,-0.20472686742435675
4.8,0.2,0.2,0.2,0.3,1.0,1.0,1.0,0.6018867924528302,0.3954017266010975,1.3926902456550252,-0.18891666074936486
5.9,0.2,0.2,0.2,0.3,0.3,1.0,1.0,0.3447761194029852,0.24819565967535065,0.8411674387536865,-0.1516151999477161
6.1,0.2,0.2,0.3,0.3,0.3,0.8199999999999932,1.0,0.3181102362204729,0.17247835053224717,0.6630669372849672,-0.026846464844021423
4.9,0.2,0.2,0.2,0.25,1.0,1.0,1.0,0.5621621621621623,0.39611216852747017,1.3543864992171026,-0.23006217489277803
4.6,0.2,0.2,0.2,0.99,1.0,1.0,1.0,0.6458620689655173,0.3955100392753314,1.4368821475161802,-0.14515800958514546
4.5,0.2,0.2,0.2,0.99,1.0,1.0,1.0,0.6464150943396227,0.39184521247172366,1.43010551928307,-0.13727533060382457
6.3,0.2,0.2,0.3,0.3,0.3,1.0,1.0,0.3532786885245902,0.203279129208054,0.7598369469406983,-0.053279569891517775
6.2,0.2,0.2,0.3,0.3,0.3,0.7599999999999967,1.0,0.33089887640449445,0.17114348345917632,0.673185843322847,-0.011388090513858196
7.0,0.2,0.2,0.3,0.4,0.4,0.4,0.5,0.35323383084577087,0.09938304709431704,0.551999925034405,0.15446773665713678
6.7,0.2,0.2,0.3,0.3,0.4,0.5,1.0,0.3722891566265058,0.16102813949821207,0.6943454356229299,0.05023287763008166
6.8,0.2,0.2,0.3,0.4,0.4,0.8999999999999986,1.0,0.37615384615384606,0.179649766104881,0.7354533783636081,0.016854313944084043
6.6,0.2,0.2,0.3,0.3,0.4,0.5,0.5,0.33827160493827146,0.13744808222977128,0.613167769397814,0.0633754404787289
6.5,0.2,0.2,0.3,0.3,0.4,1.0,1.0,0.3641666666666667,0.20191701321579786,0.7680006930982624,-0.03966735976492902
6.4,0.2,0.2,0.3,0.3,0.4,1.0,1.0,0.3961538461538461,0.23886248860283293,0.873878823359512,-0.08157113105181979
6.9,0.2,0.2,0.3,0.3,0.4,0.4,0.4,0.333928571428571,0.07571375799510828,0.48535608741878755,0.18250105543835446
7.1,0.2,0.2,0.3,0.4,0.4,0.5,0.5,0.38108108108108074,0.10746120950329723,0.5960035000876752,0.1661586620744863
7.2,0.2,0.2,0.4,0.4,0.4,0.5,1.0,0.402380952380952,0.14978079220743137,0.7019425367958148,0.10281936796608926
7.3,0.2,0.2,0.3,0.4,0.4,0.41499999999999915,0.5,0.3586206896551724,0.0827901230625309,0.5242009357802342,0.1930404435301106
7.4,0.2,0.2,0.21250000000000002,0.4,0.4,0.5,0.8874999999999993,0.36399999999999993,0.16226710154833596,0.6885342030966719,0.03946579690332802
7.5,0.2,0.2,0.4,0.4,0.5,0.5,0.5,0.4,0.12182475052824794,0.6436495010564959,0.15635049894350414
8.0,0.2,0.2,0.4,0.5,0.5,0.5,0.6,0.4135593220338987,0.12345401710054552,0.6604673562349898,0.1666512878328077
7.7,0.2,0.2,0.2,0.4,0.4,0.5,0.5,0.3569767441860464,0.11910519095164537,0.5951871260893371,0.11876636228275567
7.6,0.2,0.2,0.4,0.4,0.4,0.5,0.5,0.3924999999999998,0.09109044052166164,0.574680881043323,0.21031911895667652
7.8,0.2,0.2,0.2,0.4,0.5,0.5,0.5799999999999997,0.37696629213483157,0.1484878667707937,0.673942025676419,0.07999055859324417
7.9,0.2,0.2,0.2,0.4,0.5,0.5,0.6,0.34301075268817177,0.14210976273898873,0.6272302781661492,0.05879122721019431
8.1,0.2,0.2,0.4,0.5,0.5,0.5,0.55,0.43910891089108955,0.14010780856112898,0.7193245280133476,0.1588932937688316
8.3,0.2,0.2,0.5,0.5,0.5,0.6,0.6,0.4638888888888893,0.1245278223002452,0.7129445334893797,0.2148332442883989
8.2,0.2,0.2,0.5,0.5,0.5,0.5,0.5,0.4700000000000002,0.11328959517140454,0.6965791903428092,0.24342080965719112
8.4,0.2,0.2,0.5,0.5,0.5,0.6,0.6699999999999988,0.4601351351351356,0.14850389269602293,0.7571429205271815,0.16312734974308973
9.0,0.2,0.2,0.25,0.6,0.6,0.6,0.6,0.46038647342995215,0.17838500255495723,0.8171564785398666,0.10361646832003768
8.6,0.2,0.2,0.25,0.5,0.5,0.6,0.7,0.4211267605633802,0.17477781238536338,0.7706823853341069,0.07157113579265345
8.5,0.2,0.2,0.5,0.5,0.5,0.5899999999999991,0.6,0.44638554216867515,0.13832251384789995,0.723030569864475,0.16974051447287525
8.7,0.2,0.2,0.2,0.5,0.5,0.6,0.6,0.39166666666666644,0.17591568344981595,0.7434980335662984,0.03983529976703454
8.8,0.2,0.2,0.2,0.5,0.5,0.6,0.6,0.3975409836065572,0.16793506421337295,0.7334111120333031,0.0616708551798113
8.9,0.2,0.2,0.2,0.5,0.6,0.6,0.6,0.41875000000000107,0.18183491628839932,0.7824198325767997,0.05508016742320243
9.1,0.2,0.2,0.2,0.6,0.6,0.6,0.6,0.44207317073170826,0.2076424859881839,0.8573581427080761,0.026788198755340442
9.2,0.2,0.2,0.5,0.6,0.6,0.6,0.6,0.5063636363636375,0.16646749288822246,0.8392986221400824,0.17342865058719253
9.3,0.2,0.2,0.6,0.6,0.6,0.6,0.6,0.5480769230769231,0.13330593184108444,0.814688786759092,0.28146505939475425
10.0,0.2,0.2,0.25,0.6,0.7,0.7,0.7,0.469600000000001,0.22269391694691917,0.9149878338938393,0.02421216610616267
9.4,0.2,0.2,0.6,0.6,0.6,0.6,0.6,0.5491452991453002,0.14157106567796335,0.8322874305012269,0.2660031677893735
9.5,0.2,0.2,0.6,0.6,0.6,0.7,0.7,0.5223684210526327,0.16117545340887254,0.8447193278703777,0.20001751423488762
9.6,0.2,0.2,0.25,0.6,0.6,0.7,0.85,0.5122950819672131,0.19867388221759258,0.9096428464023982,0.11494731753202792
9.7,0.2,0.2,0.25,0.6,0.6,0.6,0.6625,0.48660714285714285,0.1825304635666883,0.8516680699905195,0.12154621572376623
9.8,0.2,0.2,0.25,0.6,0.6,0.6599999999999994,0.7,0.46376811594202894,0.20052945690372767,0.8648270297494842,0.0627092021345736
9.9,0.2,0.2,0.25,0.4,0.6,0.7,0.7,0.4268292682926825,0.19751505036819658,0.8218593690290756,0.03179916755628931
10.1,0.2,0.2,0.2,0.25,0.625,0.7,0.7074999999999996,0.39499999999999985,0.22837216589121825,0.8517443317824364,-0.06174433178243666
10.8,0.25,0.25,0.25,0.7,0.7,0.7,0.7,0.5454081632653064,0.2104348387885738,0.9662778408424539,0.12453848568815878
10.7,0.25,0.25,0.7,0.7,0.7,0.7,0.7,0.5927835051546398,0.19337863478614328,0.9795407747269265,0.20602623558235328
11.0,0.25,0.25,0.25,0.7,0.7,0.7,0.7,0.5683870967741946,0.20631423477014205,0.9810155663144787,0.15575862723391054
10.4,0.2,0.25,0.7,0.7,0.7,0.7,0.7,0.6198630136986305,0.17455095682831523,0.968964927355261,0.27076110004200005
10.6,0.25,0.25,0.7,0.7,0.7,0.7,0.7,0.6309392265193386,0.16230527361001132,0.9555497737393612,0.306328679299316
10.5,0.25,0.45250000000000007,0.7,0.7,0.7,0.7,0.7,0.6754545454545468,0.10265857157879624,0.8807716886121393,0.4701374022969543
10.9,0.25,0.25,0.25,0.7,0.7,0.7,0.7,0.5074074074074071,0.21896219866553343,0.945331804738474,0.06948301007634022
11.1,0.25,0.25,0.25,0.7,0.7,0.7,0.7274999999999998,0.5133333333333333,0.2262640101714158,0.9658613536761649,0.06080531299050168
10.2,0.2,0.2,0.25,0.55,0.7,0.7,0.7,0.4720588235294115,0.23554938247945542,0.9431575884883223,0.0009600585705006326
10.3,0.2,0.2,0.625,0.7,0.7,0.7,0.7675000000000025,0.591666666666667,0.2154262070970599,1.022519080860787,0.16081425247254721
11.4,0.25,0.25,0.25,0.4,0.7,0.8,0.8,0.478,0.24284768889161784,0.9636953777832357,-0.007695377783235702
11.2,0.25,0.25,0.25,0.4,0.7,0.8,0.8,0.4973684210526316,0.22698120590977863,0.9513308328721889,0.04340600923307436
11.5,0.25,0.25,0.36250000000000004,0.7,0.8,0.8,0.8,0.5687499999999999,0.24420707764967328,1.0571641552993465,0.0803358447006533
11.3,0.25,0.25,0.25,0.4,0.7,0.8,0.8,0.44117647058823534,0.23467750086398298,0.9105314723162012,-0.028178531139730623
12.9,0.25,0.25,0.4,0.4,0.8,0.8,0.8,0.5256097560975606,0.2348195986335873,0.9952489533647352,0.05597055883038593
12.8,0.25,0.25,0.4,0.4,0.8,0.8,0.8,0.5092592592592587,0.22800903533778516,0.9652773299348291,0.053241188583688426
12.7,0.25,0.25,0.4,0.4,0.8,0.8,0.8,0.5499999999999997,0.24088652056408996,1.0317730411281796,0.06822695887181979
12.0,0.25,0.25,0.4,0.8,0.8,0.8,0.8,0.6461363636363632,0.22964351874941177,1.1054234011351867,0.18684932613753963
11.9,0.25,0.25,0.8,0.8,0.8,0.8,0.8,0.671808510638297,0.22819517568599054,1.128198862010278,0.21541815926631597
11.8,0.25,0.25,0.4,0.8,0.8,0.8,0.8,0.6055555555555554,0.24315351256547066,1.0918625806864968,0.11924853042461409
12.1,0.25,0.25,0.7000000000000001,0.8,0.8,0.8,0.8,0.674038461538461,0.22197051860034764,1.1179794987391563,0.23009742433776575
12.2,0.25,0.25,0.4,0.8,0.8,0.8,0.8,0.6708029197080286,0.22043092286727503,1.1116647654425786,0.22994107397347857
12.3,0.25,0.25,0.4,0.8,0.8,0.8,0.8,0.6639534883720923,0.22342931015143674,1.1108121086749658,0.21709486806921885
12.4,0.25,0.25,0.4,0.8,0.8,0.8,0.8,0.6298701298701294,0.22467223791730997,1.0792146057047494,0.1805256540355094
12.5,0.25,0.25,0.4,0.4,0.8,0.8,0.8,0.5649999999999996,0.2339217556258975,1.0328435112517946,0.0971564887482046
12.6,0.25,0.25,0.4,0.4,0.8,0.8,0.8,0.5581818181818179,0.24128583717005678,1.0407534925219315,0.07561014384170434
11.6,0.25,0.25,0.25,0.8,0.8,0.8,0.8,0.5590909090909092,0.2702587144335456,1.0996083379580004,0.018573480223817995
11.7,0.25,0.25,0.25,0.8,0.8,0.8,0.8,0.5703703703703703,0.25449144970596776,1.0793532697823058,0.061387470958434776
13.0,0.25,0.25,0.25,0.4,0.8,0.8,0.8350000000000009,0.46775700934579384,0.21969665369277194,0.9071503167313377,0.028363701960249954
13.1,0.25,0.25,0.25,0.4,0.4,0.8,0.8,0.4279411764705883,0.21956954322884917,0.8670802629282867,-0.01119790998711001
13.4,0.25,0.25,0.4,0.4,0.4,0.8099999999999995,0.9,0.4194915254237285,0.16918082275781807,0.7578531709393646,0.08112987990809234
13.2,0.25,0.25,0.4,0.4,0.4,0.8,0.8,0.43404255319148916,0.15676983370073774,0.7475822205929646,0.12050288579001367
13.3,0.25,0.25,0.4,0.4,0.4,0.8,0.9,0.4214285714285709,0.1413115143906499,0.7040516002098707,0.13880554264727107
16.4,0.5225,0.5449999999999999,0.6,0.6,0.6,0.9,0.9,0.6499999999999998,0.135400640077266,0.9208012801545318,0.3791987198454678
16.1,0.5,0.5,0.5,0.9,0.9,0.9,0.9,0.7470588235294118,0.19078013215093814,1.128619087831288,0.3654985592275355
15.9,0.5375,0.575,0.9,0.9,0.9,0.9,0.9,0.8375000000000001,0.13601470508735444,1.109529410174709,0.5654705898252912
14.0,0.28,0.4,0.4,0.9,0.9,0.9,0.9,0.6705426356589165,0.2561442162066596,1.1828310680722356,0.15825420324559725
14.3,0.4,0.4,0.4,0.9,0.9,0.9,0.9,0.717021276595744,0.23803466037000856,1.193090597335761,0.24095195585572687
13.9,0.29125,0.4,0.4,0.9,0.9,0.9,0.9,0.7499999999999992,0.23948474100967393,1.228969482019347,0.27103051798065136
14.2,0.4,0.4,0.4,0.65,0.9,0.9,0.9,0.6474999999999991,0.25535369289394716,1.1582073857878934,0.13679261421210476
14.4,0.4,0.4,0.4,0.9,0.9,0.9,0.9,0.7249999999999993,0.23201247215191376,1.1890249443038268,0.2609750556961718
14.1,0.4,0.4,0.4,0.7,0.9,0.9,0.9,0.6489130434782602,0.2552752611147387,1.1594635657077377,0.1383625212487828
13.7,0.25,0.25,0.2875,0.4,0.9,0.9,0.9,0.5648148148148143,0.2864271828879635,1.1376691805907413,-0.00803955096111264
13.8,0.25,0.25,0.4,0.9,0.9,0.9,0.9,0.7448979591836727,0.2504672504289033,1.2458324600414792,0.2439634583258662
14.9,0.4,0.4,0.5,0.9,0.9,0.9,0.9,0.7609756097560969,0.22122166347409078,1.2034189367042785,0.31853228280791535
15.2,0.4,0.4,0.4,0.9,0.9,0.9,0.9,0.7107142857142855,0.24242491883022524,1.195564123374736,0.22586444805383504
15.0,0.4,0.4,0.4,0.9,0.9,0.9,0.9,0.7455000000000008,0.23258483843687452,1.21066967687375,0.2803303231262518
15.3,0.4,0.4,0.42500000000000004,0.9,0.9,0.9,0.9,0.7454545454545456,0.2324348812591906,1.2103243079729267,0.2805847829361644
15.1,0.4,0.4,0.4,0.9,0.9,0.9,0.9,0.7148148148148146,0.24605143881170569,1.2069176924382259,0.2227119371914032
15.4,0.4,0.4,0.825,0.9,0.9,0.9,0.9,0.7999999999999998,0.18316218795585018,1.1663243759117001,0.43367562408829946
14.8,0.4,0.4,0.9,0.9,0.9,0.9,0.9,0.8083333333333328,0.19179602260139358,1.19192537853612,0.4247412881305456
14.6,0.4,0.4,0.4,0.9,0.9,0.9,0.9,0.7435897435897427,0.22596962420261493,1.1955289919949725,0.29165049518451286
14.7,0.4,0.4,0.6,0.9,0.9,0.9,0.9,0.7653846153846146,0.21370383868646506,1.1927922927575447,0.33797693801168444
14.5,0.4,0.4,0.5,0.9,0.9,0.9,0.9,0.7333333333333328,0.22153558220836023,1.1764044977500534,0.2902621689166124
13.5,0.25,0.25,0.4,0.4,0.9,0.9,0.9,0.5419999999999994,0.25261085665101407,1.0472217133020276,0.03677828669797123
13.6,0.25,0.25,0.4,0.65,0.9,0.9,0.9,0.6359374999999997,0.2715648722473319,1.1790672444946635,0.09280775550533593
16.0,0.4775,0.5,0.6,0.9,0.9,0.9,0.9,0.7656250000000004,0.1696474047413749,1.1049198094827504,0.42633019051725063
15.5,0.4,0.4,0.9,0.9,0.9,0.9,0.9,0.8249999999999998,0.17507762253652942,1.1751552450730587,0.474844754926941
15.6,0.4,0.4,0.6,0.9,0.9,0.9,0.9,0.7777777777777778,0.19676876967127868,1.1713153171203352,0.3842402384352204
15.8,0.4325,0.46499999999999997,0.9,0.9,0.9,0.9,0.9,0.8142857142857144,0.17478401113789144,1.1638537365614972,0.4647176920099315
15.7,0.55,0.6,0.9,0.9,0.9,0.9,0.9,0.8238095238095242,0.14108423691100969,1.1059779976315436,0.5416410499875048
16.3,0.5,0.5,0.6,0.6,0.9,0.9,0.9,0.6692307692307691,0.16525039276108333,0.9997315547529357,0.3387299837086024
16.8,0.5,0.5,0.5,0.6,0.6,0.6,0.6749999999999989,0.5709677419354838,0.0782881361258813,0.7275440141872465,0.4143914696837212
16.2,0.52,0.54,0.6,0.6,0.6,0.9,0.9,0.6555555555555554,0.14240006242195885,0.9403556803994731,0.37075543071163775
16.9,0.5,0.5,0.6,0.6,0.6,0.6,0.7349999999999998,0.5956521739130433,0.07674195764535265,0.7491360892037485,0.442168258622338
0.1,0.01,0.01,0.01,0.02,0.02,0.04,0.04,0.019540481400437612,0.009505711705648514,0.038551904811734636,0.0005290579891405849
0.0,0.01,0.01,0.01,0.01,0.01,0.02,0.03,0.011461038961038908,0.0052440543244168195,0.021949147609872547,0.0009729303122052689
-0.1,0.01,0.01,0.01,0.01,0.01,0.01,0.01,0.010000000000000005,5.2378547305713025e-18,0.010000000000000016,0.009999999999999995
-0.2,0.01,0.01,0.01,0.01,0.01,0.01,0.01,0.010000000000000005,5.27220168698867e-18,0.010000000000000016,0.009999999999999995
0.2,0.01,0.01,0.02,0.03,0.04,0.05,0.05,0.029333333333333083,0.011792022176742044,0.052917377686817174,0.005749288979848995
-0.4,0.01,0.01,0.01,0.01,0.01,0.01,0.01,0.01,0.0,0.01,0.01
-0.6,0.01,0.01,0.01,0.01,0.01,0.01,0.01,0.01,0.0,0.01,0.01
-1.0,0.01,0.01,0.01,0.01,0.01,0.01,0.01,0.01,NaN,NaN,NaN
-0.5,0.01,0.01,0.01,0.01,0.01,0.01,0.01,0.01,0.0,0.01,0.01
-2.0,0.01,0.01,0.01,0.01,0.01,0.01,0.01,0.01,NaN,NaN,NaN
-1.3,0.01,0.01,0.01,0.01,0.01,0.01,0.01,0.01,NaN,NaN,NaN
-0.3,0.01,0.01,0.01,0.01,0.01,0.01,0.01,0.01,0.0,0.01,0.01
-0.7,0.01,0.01,0.01,0.01,0.01,0.01,0.01,0.01,NaN,NaN,NaN
0.3,0.02,0.02,0.03,0.04,0.05,0.05,0.05,0.036568914956011236,0.010433692014639909,0.057436298985291054,0.01570153092673142
0.4,0.03,0.03,0.04,0.05,0.05,0.05,0.05,0.04394477317554276,0.0071558668333190426,0.058256506842180845,0.029633039508904675
16.6,0.5,0.5,0.5,0.6,0.6,0.6,0.6,0.5705882352941175,0.046966821831386195,0.6645218789568899,0.4766545916313451
17.2,0.5,0.5,0.6,0.6,0.6,0.6,0.6,0.5794117647058824,0.041042563012190475,0.6614968907302634,0.49732663868150145
17.3,0.5,0.5,0.6,0.6,0.6,0.6,0.6,0.576744186046512,0.04274625743754582,0.6622367009216037,0.4912516711714204
17.6,0.5,0.5,0.6,0.6,0.6,0.6,0.6,0.5863636363636371,0.03458040190345105,0.6555244401705391,0.517202832556735
19.4,0.5,0.5,0.5,0.5,0.5,0.5050000000000001,0.5524999999999999,0.505,0.022360679774997894,0.5497213595499958,0.4602786404500042
18.2,0.5,0.5,0.5,0.5,0.6,0.6,0.6,0.546511627906977,0.05046845884077513,0.6474485455885273,0.4455747102254268
17.7,0.5,0.5,0.6,0.6,0.6,0.6,0.6,0.5773584905660383,0.04225157909639989,0.661861648758838,0.4928553323732385
16.7,0.5,0.5,0.5,0.6,0.6,0.6,0.6,0.5588235294117645,0.05072996561958922,0.6602834606509429,0.45736359817258604
17.8,0.5,0.5,0.5,0.6,0.6,0.6,0.6,0.5716981132075477,0.04547762971026369,0.6626533726280751,0.4807428537870203
17.9,0.5,0.5,0.5,0.6,0.6,0.6,0.6,0.5584905660377364,0.04974536029447656,0.6579812866266895,0.45899984544878325
18.1,0.5,0.5,0.5,0.6,0.6,0.6,0.6,0.5656249999999999,0.048255870443481425,0.6621367408869627,0.4691132591130371
18.4,0.5,0.5,0.5,0.5,0.6,0.6,0.6,0.5384615384615388,0.04928640580901441,0.6370343500795675,0.43988872684350994
18.6,0.5,0.5,0.5,0.5,0.6,0.6,0.6,0.5313725490196083,0.046862334890320476,0.6250972188002493,0.4376478792389673
18.9,0.5,0.5,0.5,0.5,0.5,0.6,0.6,0.5130434782608695,0.034435022157509085,0.5819135225758877,0.4441734339458513
18.7,0.5,0.5,0.5,0.5,0.6,0.6,0.6,0.5367346938775516,0.048707791774949494,0.6341502774274506,0.4393191103276526
18.8,0.5,0.5,0.5,0.5,0.6,0.6,0.6,0.5307692307692307,0.047067872433164154,0.6249049756355589,0.43663348590290235
18.5,0.5,0.5,0.5,0.5,0.5,0.6,0.6,0.5243589743589747,0.04320262568949791,0.6107642257379705,0.4379537229799789
18.0,0.5,0.5,0.5,0.6,0.6,0.6,0.6,0.5736434108527133,0.04422841960521753,0.6621002500631483,0.48518657164227824
16.5,0.5,0.5,0.5,0.6,0.6,0.6,0.6,0.5583333333333332,0.051492865054443726,0.6613190634422207,0.4553476032244458
17.0,0.5,0.5,0.5,0.6,0.6,0.6,0.6,0.5703703703703712,0.045946829173634005,0.6622640287176392,0.47847671202310316
17.4,0.5,0.5,0.6,0.6,0.6,0.6,0.6,0.5851851851851857,0.035858250319874725,0.6569016858249351,0.5134686845454363
17.1,0.5,0.5,0.5,0.6,0.6,0.6,0.6,0.5636363636363634,0.04923659639173306,0.6621095564198295,0.46516317085289727
27.9,0.75,0.75,0.75,0.75,0.75,0.75,0.75,0.75,NaN,NaN,NaN
27.8,0.75,0.75,0.75,0.75,0.75,0.75,0.75,0.75,NaN,NaN,NaN
27.3,0.75,0.75,0.75,0.75,0.75,0.75,0.75,0.75,NaN,NaN,NaN
49.4,1.0,1.0,1.0,1.0,1.0,1.0,1.0,1.0,0.0,1.0,1.0
48.3,1.0,1.0,1.0,1.0,1.0,1.0,1.0,1.0,0.0,1.0,1.0
47.6,1.0,1.0,1.0,1.0,1.0,1.0,1.0,1.0,0.0,1.0,1.0
46.9,1.0,1.0,1.0,1.0,1.0,1.0,1.0,1.0,0.0,1.0,1.0
42.0,1.0,1.0,1.0,1.0,1.0,1.0,1.0,1.0,0.0,1.0,1.0
41.0,1.0,1.0,1.0,1.0,1.0,1.0,1.0,1.0,0.0,1.0,1.0
40.0,1.0,1.0,1.0,1.0,1.0,1.0,1.0,1.0,0.0,1.0,1.0
42.9,1.0,1.0,1.0,1.0,1.0,1.0,1.0,1.0,0.0,1.0,1.0
41.5,1.0,1.0,1.0,1.0,1.0,1.0,1.0,1.0,0.0,1.0,1.0
41.2,1.0,1.0,1.0,1.0,1.0,1.0,1.0,1.0,0.0,1.0,1.0
42.8,1.0,1.0,1.0,1.0,1.0,1.0,1.0,1.0,0.0,1.0,1.0
42.7,1.0,1.0,1.0,1.0,1.0,1.0,1.0,1.0,0.0,1.0,1.0
43.3,1.0,1.0,1.0,1.0,1.0,1.0,1.0,1.0,0.0,1.0,1.0
42.1,1.0,1.0,1.0,1.0,1.0,1.0,1.0,1.0,0.0,1.0,1.0
42.5,1.0,1.0,1.0,1.0,1.0,1.0,1.0,1.0,0.0,1.0,1.0
42.2,1.0,1.0,1.0,1.0,1.0,1.0,1.0,1.0,0.0,1.0,1.0
42.3,1.0,1.0,1.0,1.0,1.0,1.0,1.0,1.0,0.0,1.0,1.0
41.9,1.0,1.0,1.0,1.0,1.0,1.0,1.0,1.0,0.0,1.0,1.0
44.0,1.0,1.0,1.0,1.0,1.0,1.0,1.0,1.0,0.0,1.0,1.0
43.0,1.0,1.0,1.0,1.0,1.0,1.0,1.0,1.0,0.0,1.0,1.0
45.0,1.0,1.0,1.0,1.0,1.0,1.0,1.0,1.0,0.0,1.0,1.0
41.6,1.0,1.0,1.0,1.0,1.0,1.0,1.0,1.0,0.0,1.0,1.0
41.8,1.0,1.0,1.0,1.0,1.0,1.0,1.0,1.0,0.0,1.0,1.0
41.4,1.0,1.0,1.0,1.0,1.0,1.0,1.0,1.0,0.0,1.0,1.0
40.9,1.0,1.0,1.0,1.0,1.0,1.0,1.0,1.0,0.0,1.0,1.0
40.7,1.0,1.0,1.0,1.0,1.0,1.0,1.0,1.0,0.0,1.0,1.0
40.1,1.0,1.0,1.0,1.0,1.0,1.0,1.0,1.0,0.0,1.0,1.0
45.2,1.0,1.0,1.0,1.0,1.0,1.0,1.0,1.0,0.0,1.0,1.0
47.9,1.0,1.0,1.0,1.0,1.0,1.0,1.0,1.0,0.0,1.0,1.0
49.0,1.0,1.0,1.0,1.0,1.0,1.0,1.0,1.0,0.0,1.0,1.0
46.7,1.0,1.0,1.0,1.0,1.0,1.0,1.0,1.0,0.0,1.0,1.0
48.0,1.0,1.0,1.0,1.0,1.0,1.0,1.0,1.0,0.0,1.0,1.0
46.8,1.0,1.0,1.0,1.0,1.0,1.0,1.0,1.0,0.0,1.0,1.0
48.5,1.0,1.0,1.0,1.0,1.0,1.0,1.0,1.0,0.0,1.0,1.0
48.4,1.0,1.0,1.0,1.0,1.0,1.0,1.0,1.0,0.0,1.0,1.0
49.9,1.0,1.0,1.0,1.0,1.0,1.0,1.0,1.0,0.0,1.0,1.0
50.1,1.0,1.0,1.0,1.0,1.0,1.0,1.0,1.0,0.0,1.0,1.0
52.3,1.0,1.0,1.0,1.0,1.0,1.0,1.0,1.0,NaN,NaN,NaN
52.0,1.0,1.0,1.0,1.0,1.0,1.0,1.0,1.0,NaN,NaN,NaN
53.2,1.0,1.0,1.0,1.0,1.0,1.0,1.0,1.0,NaN,NaN,NaN
52.5,1.0,1.0,1.0,1.0,1.0,1.0,1.0,1.0,NaN,NaN,NaN
52.4,1.0,1.0,1.0,1.0,1.0,1.0,1.0,1.0,NaN,NaN,NaN
45.1,1.0,1.0,1.0,1.0,1.0,1.0,1.0,1.0,0.0,1.0,1.0
45.7,1.0,1.0,1.0,1.0,1.0,1.0,1.0,1.0,0.0,1.0,1.0
44.5,1.0,1.0,1.0,1.0,1.0,1.0,1.0,1.0,0.0,1.0,1.0
44.4,1.0,1.0,1.0,1.0,1.0,1.0,1.0,1.0,0.0,1.0,1.0
43.8,1.0,1.0,1.0,1.0,1.0,1.0,1.0,1.0,0.0,1.0,1.0
43.7,1.0,1.0,1.0,1.0,1.0,1.0,1.0,1.0,0.0,1.0,1.0
44.6,1.0,1.0,1.0,1.0,1.0,1.0,1.0,1.0,0.0,1.0,1.0
44.3,1.0,1.0,1.0,1.0,1.0,1.0,1.0,1.0,0.0,1.0,1.0
44.8,1.0,1.0,1.0,1.0,1.0,1.0,1.0,1.0,0.0,1.0,1.0
43.9,1.0,1.0,1.0,1.0,1.0,1.0,1.0,1.0,0.0,1.0,1.0
44.7,1.0,1.0,1.0,1.0,1.0,1.0,1.0,1.0,0.0,1.0,1.0
44.1,1.0,1.0,1.0,1.0,1.0,1.0,1.0,1.0,0.0,1.0,1.0
46.0,1.0,1.0,1.0,1.0,1.0,1.0,1.0,1.0,0.0,1.0,1.0
47.1,1.0,1.0,1.0,1.0,1.0,1.0,1.0,1.0,0.0,1.0,1.0
49.1,1.0,1.0,1.0,1.0,1.0,1.0,1.0,1.0,0.0,1.0,1.0
47.8,1.0,1.0,1.0,1.0,1.0,1.0,1.0,1.0,0.0,1.0,1.0
46.6,1.0,1.0,1.0,1.0,1.0,1.0,1.0,1.0,0.0,1.0,1.0
41.7,1.0,1.0,1.0,1.0,1.0,1.0,1.0,1.0,0.0,1.0,1.0
41.3,1.0,1.0,1.0,1.0,1.0,1.0,1.0,1.0,0.0,1.0,1.0
40.6,1.0,1.0,1.0,1.0,1.0,1.0,1.0,1.0,0.0,1.0,1.0
44.9,1.0,1.0,1.0,1.0,1.0,1.0,1.0,1.0,0.0,1.0,1.0
45.4,1.0,1.0,1.0,1.0,1.0,1.0,1.0,1.0,0.0,1.0,1.0
40.4,1.0,1.0,1.0,1.0,1.0,1.0,1.0,1.0,0.0,1.0,1.0
39.8,1.0,1.0,1.0,1.0,1.0,1.0,1.0,1.0,0.0,1.0,1.0
39.5,1.0,1.0,1.0,1.0,1.0,1.0,1.0,1.0,0.0,1.0,1.0
40.5,1.0,1.0,1.0,1.0,1.0,1.0,1.0,1.0,0.0,1.0,1.0
44.2,1.0,1.0,1.0,1.0,1.0,1.0,1.0,1.0,0.0,1.0,1.0
50.5,1.0,1.0,1.0,1.0,1.0,1.0,1.0,1.0,0.0,1.0,1.0
47.3,1.0,1.0,1.0,1.0,1.0,1.0,1.0,1.0,0.0,1.0,1.0
45.3,1.0,1.0,1.0,1.0,1.0,1.0,1.0,1.0,0.0,1.0,1.0
45.8,1.0,1.0,1.0,1.0,1.0,1.0,1.0,1.0,0.0,1.0,1.0
46.4,1.0,1.0,1.0,1.0,1.0,1.0,1.0,1.0,0.0,1.0,1.0
47.0,1.0,1.0,1.0,1.0,1.0,1.0,1.0,1.0,0.0,1.0,1.0
48.8,1.0,1.0,1.0,1.0,1.0,1.0,1.0,1.0,0.0,1.0,1.0
48.1,1.0,1.0,1.0,1.0,1.0,1.0,1.0,1.0,0.0,1.0,1.0
46.2,1.0,1.0,1.0,1.0,1.0,1.0,1.0,1.0,0.0,1.0,1.0
47.7,1.0,1.0,1.0,1.0,1.0,1.0,1.0,1.0,0.0,1.0,1.0
46.5,1.0,1.0,1.0,1.0,1.0,1.0,1.0,1.0,0.0,1.0,1.0
47.2,1.0,1.0,1.0,1.0,1.0,1.0,1.0,1.0,0.0,1.0,1.0
45.9,1.0,1.0,1.0,1.0,1.0,1.0,1.0,1.0,0.0,1.0,1.0
45.5,1.0,1.0,1.0,1.0,1.0,1.0,1.0,1.0,0.0,1.0,1.0
46.1,1.0,1.0,1.0,1.0,1.0,1.0,1.0,1.0,0.0,1.0,1.0
46.3,1.0,1.0,1.0,1.0,1.0,1.0,1.0,1.0,0.0,1.0,1.0
47.5,1.0,1.0,1.0,1.0,1.0,1.0,1.0,1.0,0.0,1.0,1.0
47.4,1.0,1.0,1.0,1.0,1.0,1.0,1.0,1.0,0.0,1.0,1.0
39.0,1.0,1.0,1.0,1.0,1.0,1.0,1.0,1.0,0.0,1.0,1.0
43.6,1.0,1.0,1.0,1.0,1.0,1.0,1.0,1.0,0.0,1.0,1.0
43.4,1.0,1.0,1.0,1.0,1.0,1.0,1.0,1.0,0.0,1.0,1.0
42.6,1.0,1.0,1.0,1.0,1.0,1.0,1.0,1.0,0.0,1.0,1.0
43.5,1.0,1.0,1.0,1.0,1.0,1.0,1.0,1.0,0.0,1.0,1.0
43.2,1.0,1.0,1.0,1.0,1.0,1.0,1.0,1.0,0.0,1.0,1.0
43.1,1.0,1.0,1.0,1.0,1.0,1.0,1.0,1.0,0.0,1.0,1.0
45.6,1.0,1.0,1.0,1.0,1.0,1.0,1.0,1.0,0.0,1.0,1.0
40.3,1.0,1.0,1.0,1.0,1.0,1.0,1.0,1.0,0.0,1.0,1.0
39.9,1.0,1.0,1.0,1.0,1.0,1.0,1.0,1.0,0.0,1.0,1.0
49.6,1.0,1.0,1.0,1.0,1.0,1.0,1.0,1.0,NaN,NaN,NaN
48.6,1.0,1.0,1.0,1.0,1.0,1.0,1.0,1.0,0.0,1.0,1.0
50.6,1.0,1.0,1.0,1.0,1.0,1.0,1.0,1.0,0.0,1.0,1.0
49.8,1.0,1.0,1.0,1.0,1.0,1.0,1.0,1.0,0.0,1.0,1.0
48.7,1.0,1.0,1.0,1.0,1.0,1.0,1.0,1.0,0.0,1.0,1.0
51.4,1.0,1.0,1.0,1.0,1.0,1.0,1.0,1.0,NaN,NaN,NaN
48.9,1.0,1.0,1.0,1.0,1.0,1.0,1.0,1.0,0.0,1.0,1.0
48.2,1.0,1.0,1.0,1.0,1.0,1.0,1.0,1.0,0.0,1.0,1.0
50.2,1.0,1.0,1.0,1.0,1.0,1.0,1.0,1.0,NaN,NaN,NaN
50.4,1.0,1.0,1.0,1.0,1.0,1.0,1.0,1.0,NaN,NaN,NaN
42.4,1.0,1.0,1.0,1.0,1.0,1.0,1.0,1.0,0.0,1.0,1.0
41.1,1.0,1.0,1.0,1.0,1.0,1.0,1.0,1.0,0.0,1.0,1.0
39.4,1.0,1.0,1.0,1.0,1.0,1.0,1.0,1.0,0.0,1.0,1.0
39.6,1.0,1.0,1.0,1.0,1.0,1.0,1.0,1.0,0.0,1.0,1.0
39.2,1.0,1.0,1.0,1.0,1.0,1.0,1.0,1.0,0.0,1.0,1.0
38.9,1.0,1.0,1.0,1.0,1.0,1.0,1.0,1.0,0.0,1.0,1.0
39.7,1.0,1.0,1.0,1.0,1.0,1.0,1.0,1.0,0.0,1.0,1.0
40.8,1.0,1.0,1.0,1.0,1.0,1.0,1.0,1.0,0.0,1.0,1.0
50.0,1.0,1.0,1.0,1.0,1.0,1.0,1.0,1.0,0.0,1.0,1.0
51.2,1.0,1.0,1.0,1.0,1.0,1.0,1.0,1.0,NaN,NaN,NaN
51.7,1.0,1.0,1.0,1.0,1.0,1.0,1.0,1.0,NaN,NaN,NaN
51.5,1.0,1.0,1.0,1.0,1.0,1.0,1.0,1.0,NaN,NaN,NaN
50.7,1.0,1.0,1.0,1.0,1.0,1.0,1.0,1.0,0.0,1.0,1.0
49.7,1.0,1.0,1.0,1.0,1.0,1.0,1.0,1.0,NaN,NaN,NaN
50.9,1.0,1.0,1.0,1.0,1.0,1.0,1.0,1.0,NaN,NaN,NaN
49.2,1.0,1.0,1.0,1.0,1.0,1.0,1.0,1.0,0.0,1.0,1.0
40.2,1.0,1.0,1.0,1.0,1.0,1.0,1.0,1.0,0.0,1.0,1.0
37.3,1.0,1.0,1.0,1.0,1.0,1.0,1.0,1.0,0.0,1.0,1.0
38.7,1.0,1.0,1.0,1.0,1.0,1.0,1.0,1.0,0.0,1.0,1.0
37.4,1.0,1.0,1.0,1.0,1.0,1.0,1.0,1.0,0.0,1.0,1.0
56.4,1.0,1.0,1.0,1.0,1.0,1.0,1.0,1.0,NaN,NaN,NaN
55.2,1.0,1.0,1.0,1.0,1.0,1.0,1.0,1.0,NaN,NaN,NaN
55.0,1.0,1.0,1.0,1.0,1.0,1.0,1.0,1.0,NaN,NaN,NaN
55.9,1.0,1.0,1.0,1.0,1.0,1.0,1.0,1.0,NaN,NaN,NaN
55.3,1.0,1.0,1.0,1.0,1.0,1.0,1.0,1.0,NaN,NaN,NaN
55.4,1.0,1.0,1.0,1.0,1.0,1.0,1.0,1.0,0.0,1.0,1.0
54.9,1.0,1.0,1.0,1.0,1.0,1.0,1.0,1.0,NaN,NaN,NaN
54.6,1.0,1.0,1.0,1.0,1.0,1.0,1.0,1.0,NaN,NaN,NaN
53.9,1.0,1.0,1.0,1.0,1.0,1.0,1.0,1.0,NaN,NaN,NaN
54.5,1.0,1.0,1.0,1.0,1.0,1.0,1.0,1.0,0.0,1.0,1.0
55.1,1.0,1.0,1.0,1.0,1.0,1.0,1.0,1.0,NaN,NaN,NaN
54.2,1.0,1.0,1.0,1.0,1.0,1.0,1.0,1.0,NaN,NaN,NaN
55.5,1.0,1.0,1.0,1.0,1.0,1.0,1.0,1.0,NaN,NaN,NaN
36.0,1.0,1.0,1.0,1.0,1.0,1.0,1.0,1.0,0.0,1.0,1.0
35.0,1.0,1.0,1.0,1.0,1.0,1.0,1.0,1.0,0.0,1.0,1.0
34.0,1.0,1.0,1.0,1.0,1.0,1.0,1.0,1.0,0.0,1.0,1.0
36.7,1.0,1.0,1.0,1.0,1.0,1.0,1.0,1.0,0.0,1.0,1.0
35.3,1.0,1.0,1.0,1.0,1.0,1.0,1.0,1.0,0.0,1.0,1.0
35.9,1.0,1.0,1.0,1.0,1.0,1.0,1.0,1.0,0.0,1.0,1.0
35.1,1.0,1.0,1.0,1.0,1.0,1.0,1.0,1.0,0.0,1.0,1.0
36.6,1.0,1.0,1.0,1.0,1.0,1.0,1.0,1.0,0.0,1.0,1.0
36.5,1.0,1.0,1.0,1.0,1.0,1.0,1.0,1.0,0.0,1.0,1.0
37.1,1.0,1.0,1.0,1.0,1.0,1.0,1.0,1.0,0.0,1.0,1.0
36.4,1.0,1.0,1.0,1.0,1.0,1.0,1.0,1.0,0.0,1.0,1.0
36.8,1.0,1.0,1.0,1.0,1.0,1.0,1.0,1.0,0.0,1.0,1.0
36.3,1.0,1.0,1.0,1.0,1.0,1.0,1.0,1.0,0.0,1.0,1.0
35.6,1.0,1.0,1.0,1.0,1.0,1.0,1.0,1.0,0.0,1.0,1.0
38.0,1.0,1.0,1.0,1.0,1.0,1.0,1.0,1.0,0.0,1.0,1.0
37.0,1.0,1.0,1.0,1.0,1.0,1.0,1.0,1.0,0.0,1.0,1.0
34.9,1.0,1.0,1.0,1.0,1.0,1.0,1.0,1.0,0.0,1.0,1.0
36.9,1.0,1.0,1.0,1.0,1.0,1.0,1.0,1.0,0.0,1.0,1.0
36.2,1.0,1.0,1.0,1.0,1.0,1.0,1.0,1.0,0.0,1.0,1.0
35.5,1.0,1.0,1.0,1.0,1.0,1.0,1.0,1.0,0.0,1.0,1.0
35.2,1.0,1.0,1.0,1.0,1.0,1.0,1.0,1.0,0.0,1.0,1.0
34.8,1.0,1.0,1.0,1.0,1.0,1.0,1.0,1.0,0.0,1.0,1.0
34.6,1.0,1.0,1.0,1.0,1.0,1.0,1.0,1.0,0.0,1.0,1.0
38.2,1.0,1.0,1.0,1.0,1.0,1.0,1.0,1.0,0.0,1.0,1.0
37.5,1.0,1.0,1.0,1.0,1.0,1.0,1.0,1.0,0.0,1.0,1.0
38.5,1.0,1.0,1.0,1.0,1.0,1.0,1.0,1.0,0.0,1.0,1.0
38.3,1.0,1.0,1.0,1.0,1.0,1.0,1.0,1.0,0.0,1.0,1.0
38.1,1.0,1.0,1.0,1.0,1.0,1.0,1.0,1.0,0.0,1.0,1.0
37.7,1.0,1.0,1.0,1.0,1.0,1.0,1.0,1.0,0.0,1.0,1.0
38.6,1.0,1.0,1.0,1.0,1.0,1.0,1.0,1.0,0.0,1.0,1.0
37.9,1.0,1.0,1.0,1.0,1.0,1.0,1.0,1.0,0.0,1.0,1.0
38.4,1.0,1.0,1.0,1.0,1.0,1.0,1.0,1.0,0.0,1.0,1.0
38.8,1.0,1.0,1.0,1.0,1.0,1.0,1.0,1.0,0.0,1.0,1.0
35.7,1.0,1.0,1.0,1.0,1.0,1.0,1.0,1.0,0.0,1.0,1.0
35.4,1.0,1.0,1.0,1.0,1.0,1.0,1.0,1.0,0.0,1.0,1.0
37.8,1.0,1.0,1.0,1.0,1.0,1.0,1.0,1.0,0.0,1.0,1.0
39.1,1.0,1.0,1.0,1.0,1.0,1.0,1.0,1.0,0.0,1.0,1.0
33.3,1.0,1.0,1.0,1.0,1.0,1.0,1.0,1.0,0.0,1.0,1.0
34.7,1.0,1.0,1.0,1.0,1.0,1.0,1.0,1.0,0.0,1.0,1.0
39.3,1.0,1.0,1.0,1.0,1.0,1.0,1.0,1.0,0.0,1.0,1.0
35.8,1.0,1.0,1.0,1.0,1.0,1.0,1.0,1.0,0.0,1.0,1.0
34.2,1.0,1.0,1.0,1.0,1.0,1.0,1.0,1.0,0.0,1.0,1.0
37.2,1.0,1.0,1.0,1.0,1.0,1.0,1.0,1.0,0.0,1.0,1.0
37.6,1.0,1.0,1.0,1.0,1.0,1.0,1.0,1.0,0.0,1.0,1.0
36.1,1.0,1.0,1.0,1.0,1.0,1.0,1.0,1.0,0.0,1.0,1.0
33.6,1.0,1.0,1.0,1.0,1.0,1.0,1.0,1.0,0.0,1.0,1.0
33.2,1.0,1.0,1.0,1.0,1.0,1.0,1.0,1.0,0.0,1.0,1.0
33.1,1.0,1.0,1.0,1.0,1.0,1.0,1.0,1.0,NaN,NaN,NaN
34.1,1.0,1.0,1.0,1.0,1.0,1.0,1.0,1.0,NaN,NaN,NaN
32.3,1.0,1.0,1.0,1.0,1.0,1.0,1.0,1.0,NaN,NaN,NaN
49.5,1.0,1.0,1.0,1.0,1.0,1.0,1.0,1.0,0.0,1.0,1.0
